<?xml version="1.0" encoding="utf-8"?>
<Skin name="aqua" author="kujohn" date="02-18-2008">
	<!--imagemode=0,colormode=1-->
	<SkinMode>0</SkinMode>
	<Button>
		<PushButton>button.bmp</PushButton>
		<CheckBox>checkbox.bmp</CheckBox>
		<RadioButton>radio.bmp</RadioButton>
		<GroupBox></GroupBox>
		<SizingMargins>
			<toLeft>14</toLeft>
			<toTop>10</toTop>
			<toRight>14</toRight>
			<toBottom>10</toBottom>
		</SizingMargins>
		<TextColor>0x000000</TextColor>
		<!--	TrueSize=0,Stretch=1,Tile=2	-->
		<SizingType>1</SizingType>
		<StateCount>5</StateCount>
		<!--	Horz=0,Vert=1 	-->
		<ImageLayout>0</ImageLayout>
		<Transparent>
			<!--none=0,KeyColor=1,AlphaChannel=2-->
			<Mode>1</Mode>
			<KeyColor>0xFFFFFF</KeyColor>
		</Transparent>
		<MinSize>
			<Width>28</Width>
			<Height>24</Height>
		</MinSize>
	</Button>
	<GroupBox>
		<ColorDark>0x0000FF</ColorDark>
		<ColorLight>0xC0C0C0</ColorLight>
		<ColorText>0xFF0000</ColorText>
		<ColorTextWrap>0x0000FF</ColorTextWrap>
	</GroupBox>
	<Dialog>
		<BackGround>background.bmp</BackGround>
		<Frame>
			<Active>ActiveFrame.bmp</Active>
			<Deactive>DeactiveFrame.bmp</Deactive>
			<CaptionBar>
				<Height>23</Height>
				<toLeft>20</toLeft>
				<toRight>20</toRight>
			</CaptionBar>
			<BorderWidth>4</BorderWidth>
			<RightCorner>
				<Width>8</Width>
				<Height>8</Height>
			</RightCorner>
			<LeftCorner>
				<Width>8</Width>
				<Height>8</Height>
			</LeftCorner>
		</Frame>
		<CaptionButton>
			<Min>min.bmp</Min>
			<Max>max.bmp</Max>
			<Close>close.bmp</Close>
		</CaptionButton>
	</Dialog>
	<Spin>
		<Vert>
			<Up>vert_spin_up.bmp</Up>
			<Down>vert_spin_down.bmp</Down>
		</Vert>
		<Horz>
			<Left>horz_spin_left.bmp</Left>
			<Right>horz_spin_right.bmp</Right>
		</Horz>
	</Spin>
	<ProgressBar>
		<Vert>progress_vert.bmp</Vert>
		<Horz>progress_horz.bmp</Horz>
	</ProgressBar>
	<HeaderCtrl>
		<Left>header_left.bmp</Left>
		<Middle>header_middle.bmp</Middle>
		<Right>header_right.bmp</Right>
	</HeaderCtrl>
</Skin>
